Reaction,FC,Padj,Pvalue,Reject
10FTHFtm,,,,
12DHCHOLabc,,,,
12DHCHOLt,,,,
12HPETATP,,,,
12HPETUPKt,,,,
13DAMPPOX,,,,
15KPROSTGF2c,,,,
2HATVACIDteb,,,,
2HATVACIDtep,,,,
2HATVLACteb,,,,
2HATVLACtep,,,,
2HYOXPLCte,,,,
2M3HVACc,,,,
2M3HVACte,,,,
2M3OVACm,,,,
2M3OVACtm,,,,
2M3OVCOAm,,,,
34DHPEAR,,,,
34DHPEt,,,,
34HPLtm,,,,
3AIBSYMPt,,,,
3DDCRNtr,,,,
3DECCRNtr,,,,
3DHCAS,,,,
3DHCDCHOLabc,,,,
3DHCDCHOLt,,,,
3DHCHOLabc,,,,
3DHDCAS,,,,
3DHDCAabc,,,,
3DHLCAabc,,,,
3DHLCAt,,,,
3HADICOAx,,,,
3HADPACte,,,,
3HADPACtxc,,,,
3HADPACx,,,,
3HDECECRNtr,,,,
3OCTDEC2CRNtr,,,,
3OHSEBACte,,,,
3OHSEBACtxc,,,,
3OHSEBACx,,,,
3OHSEBCOAx,,,,
3OHSUBACte,,,,
3OHSUBACtxc,,,,
3OHSUBACx,,,,
3OHSUBCOAx,,,,
3THEXDDCOACRNtr,,,,
4GLU56DIHDINDt,,,,
4HATVACIDteb,,,,
4HATVACIDtep,,,,
4HATVLACteb,,,,
4HATVLACtep,,,,
56DTHMt,,,,
5EIPENCm,,,,
5EIPENCte,,,,
5EIPENCtm,,,,
5HOXINDOAtr,,,,
5OXPROt,,,,
7DHCDCHOLabc,,,,
7DHCDCHOLt,,,,
7DHCHOLabc,,,,
7DHCHOLt,,,,
7DHCHSTEROLtr,,,,
ACACtx,,,,
ACCOAtr,,,,
ACOX22x,,,,
ACt2m,,,,
ADPACDAc,,,,
ADPACtx,,,,
ADPCOACROT,,,,
ADPCOAPTE,,,,
ADRNCRNt,,,,
ALAt2rL,,,,
ALDD21,,,,
AMACR2p,,,,
ANTHte,,,,
APOCFm,,,,
APOC_LYS_BTNPm,,,,
ARACHCOAtx,,,,
ARACHCRNt,,,,
ARACHDCOAtx,,,,
ARACHDtr,,,,
ATPasel,,,,
B3GNT312g,,,,
BACCLm,,,,
BALAPAT1tc2,,,,
BILDGLCURtr,,,,
BTNDm,,,,
BTNPLm,,,,
BUTt2m,,,,
C02356t,,,,
C04483t2,,,,
C05299te,,,,
C05302te,,,,
C05769te,,,,
C05770te,,,,
C06439tn,,,,
C100CPT1,,,,
C10164te,,,,
C10CRNtr,,,,
C10DCCACT,,,,
C10DCc,,,,
C10OHc,,,,
C11695td,,,,
C120CPT1,,,,
C12DCACOT,,,,
C12DCACT,,,,
C12DCTD,,,,
C12OHc,,,,
C140CPT1,,,,
C161CPT12,,,,
C161CPT22,,,,
C161CRN2t,,,,
C161CRNt,,,,
C161OHc,,,,
C162ACBP,,,,
C162OHc,,,,
C180CRNt,,,,
C181CPT1,,,,
C181CPT2,,,,
C181CRNt,,,,
C182OHc,,,,
C204CRNt,,,,
C226CRNt,,,,
C3DCtr,,,,
C3STDH1Pr,,,,
C3STKR2r,,,,
C4DCCACT,,,,
C4STMO1r,,,,
C4STMO2Pr,,,,
C4STMO2r,,,,
C4tcx,,,,
C4tmc,,,,
C4x,,,,
C50CPT1,,,,
C5DCtr,,,,
C60CPT1,,,,
C6COAt,,,,
C6CRNtcx,,,,
C6DCCACT,,,,
C6DCc,,,,
C8DCc,,,,
CA24GSc,,,,
CA24Gte,,,,
CA2t,,,,
CA3Sabc,,,,
CA3St,,,,
CAATPS,,,,
CALAtr,,,,
CATr,,,,
CBLTDe,,,,
CBLtle,,,,
CDPDAGtm,,,,
CDS,,,,
CDSm,,,,
CE0955tr,,,,
CE1261t,,,,
CE1556td,,,,
CE2026te,,,,
CE2026tm,,,,
CE4890te,,,,
CE4968te,,,,
CE4968tm,,,,
CE4970te,,,,
CE4970tm,,,,
CE5026t,,,,
CE5629t,,,,
CE6205te,,,,
CITL,,,,
CLPNDCOAtx,,,,
CLPNDCRNt,,,,
CLS_hs,,,,
COPROSTabc,,,,
COPROSTt,,,,
COQ3m,,,,
COQ5m,,,,
COQ6m,,,,
COQ7m,,,,
CORTSNti,,,,
CRMte,,,,
CRVSM1hr,,,,
CRVSM23hr,,,,
CVM1GLUChc,,,,
CVM23GLUChc,,,,
CYSGLYPTASEe_1,,,,
DACGST,,,,
DATPtm,,,,
DCA3Sabc,,,,
DCA3St,,,,
DCATDr,,,,
DCMPtm,,,,
DDECCRNtr,,,,
DESAT14_9,,,,
DESAT16_2,,,,
DESAT18_10,,,,
DESAT18_3,,,,
DESAT18_4,,,,
DESAT18_6,,,,
DESAT18_7,,,,
DESAT18_8,,,,
DESAT18_9,,,,
DESAT20_1,,,,
DESAT20_2,,,,
DESAT22_2p,,,,
DHAPtc,,,,
DHCHOLESTANATEtm,,,,
DHCR72r,,,,
DLNLCGCRNt,,,,
DMATTx,,,,
DOCOSDIACTD,,,,
DOLICHOL_Uter,,,,
DTMPKm,,,,
EBP1r,,,,
EBP2r,,,,
EIC21114TRc,,,,
EIC21114TRte,,,,
ELAIDCPT1,,,,
ESTRAABCtc,,,,
ESTRSABCtc,,,,
EX_2hyoxplac[e],,,,
EX_2m3hvac[e],,,,
EX_34dhpe[c],,,,
EX_3ddcrn[e],,,,
EX_3deccrn[e],,,,
EX_3dhchol[e],,,,
EX_3dhdchol[e],,,,
EX_3hadpac[e],,,,
EX_3hdececrn[e],,,,
EX_3octdec2crn[e],,,,
EX_3ohsebac[e],,,,
EX_3ohsubac[e],,,,
EX_3thexddcoacrn[e],,,,
EX_4abutn[e],,,,
EX_4glu56dihdind[e],,,,
EX_56dthm[e],,,,
EX_5eipenc[e],,,,
EX_5hoxindoa[e],,,,
EX_5oxpro[e],,,,
EX_C02356[e],,,,
EX_C04849[e],,,,
EX_C05299[e],,,,
EX_C05302[e],,,,
EX_C10164[e],,,,
EX_C11695[e],,,,
EX_CE1557[e],,,,
EX_CE1943[e],,,,
EX_CE2026[e],,,,
EX_CE4890[e],,,,
EX_CE4968[e],,,,
EX_CE4969[e],,,,
EX_CE4970[e],,,,
EX_CE5629[e],,,,
EX_CE6205[e],,,,
EX_HC00006[e],,,,
EX_HC00342[e],,,,
EX_HC00460[e],,,,
EX_HC00900[e],,,,
EX_VBOF,,,,
EX_ahdt[e],,,,
EX_anth[e],,,,
EX_c10crn[e],,,,
EX_c16dc[e],,,,
EX_c3dc[e],,,,
EX_c5dc[e],,,,
EX_ca24g[e],,,,
EX_cala[e],,,,
EX_dchac[e],,,,
EX_ddecrn[e],,,,
EX_docosdiac[e],,,,
EX_eic21114tr[e],,,,
EX_forglu[e],,,,
EX_fum[e],,,,
EX_ga1_hs[e],,,,
EX_galt[e],,,,
EX_glcr[e],,,,
EX_glyc_S[e],,,,
EX_glypro[e],,,,
EX_hexdtr[e],,,,
EX_hexgly[e],,,,
EX_hpdece[e],,,,
EX_im4ac[e],,,,
EX_ind3ac[e],,,,
EX_ivcrn[e],,,,
EX_nh4[e],,,,
EX_oaa[e],,,,
EX_pac[e],,,,
EX_pcreat[e],,,,
EX_pheacgly[e],,,,
EX_ppi[e],,,,
EX_ppiogly[e],,,,
EX_progly[e],,,,
EX_prpp[e],,,,
EX_subgly[e],,,,
EX_thcholstoic[e],,,,
EX_thexdd[e],,,,
EX_tiggly[e],,,,
EX_vanillac[e],,,,
EX_xol7ah3[e],,,,
FACOAL1813,,,,
FACOAL191,,,,
FACOAL40im,,,,
FAEL183,,,,
FAEL184,,,,
FAEL204,,,,
FAEL205,,,,
FAOXC101C102x,,,,
FAOXC101C8m,,,,
FAOXC102C101x,,,,
FAOXC102C103x,,,,
FAOXC102C81x,,,,
FAOXC102x,,,,
FAOXC103C102x,,,,
FAOXC10C10OHm,,,,
FAOXC10C8m,,,,
FAOXC10C8x,,,,
FAOXC10DCC8DCx,,,,
FAOXC121C101m,,,,
FAOXC121C10x,,,,
FAOXC122C101m,,,,
FAOXC122m,,,,
FAOXC122x,,,,
FAOXC123C102x,,,,
FAOXC123x,,,,
FAOXC12C10m,,,,
FAOXC12C10x,,,,
FAOXC12C12OHm,,,,
FAOXC12DCC10DCx,,,,
FAOXC12DCTc,,,,
FAOXC12DCc,,,,
FAOXC12DCx,,,,
FAOXC140,,,,
FAOXC141C121m,,,,
FAOXC141C121x,,,,
FAOXC142C122m,,,,
FAOXC142C122x,,,,
FAOXC143C123x,,,,
FAOXC14C12x,,,,
FAOXC14C14OHm,,,,
FAOXC14DCC12DCx,,,,
FAOXC150m,,,,
FAOXC160,,,,
FAOXC16080m,,,,
FAOXC16080x,,,,
FAOXC161802m,,,,
FAOXC16180m,,,,
FAOXC161C141m,,,,
FAOXC161C141x,,,,
FAOXC161C161OHm,,,,
FAOXC162C142m,,,,
FAOXC162C162OHm,,,,
FAOXC163C142x,,,,
FAOXC163C143m,,,,
FAOXC163C164x,,,,
FAOXC163x,,,,
FAOXC164C143x,,,,
FAOXC164C163x,,,,
FAOXC164C165x,,,,
FAOXC164x,,,,
FAOXC165C164x,,,,
FAOXC16BRx,,,,
FAOXC16C14x,,,,
FAOXC16DCC14DCx,,,,
FAOXC170m,,,,
FAOXC17C15m,,,,
FAOXC180x,,,,
FAOXC1811601m,,,,
FAOXC1811602m,,,,
FAOXC1811603m,,,,
FAOXC181C161m,,,,
FAOXC181C161x,,,,
FAOXC182806m,,,,
FAOXC18280m,,,,
FAOXC182C162m,,,,
FAOXC182C182OHm,,,,
FAOXC183803m,,,,
FAOXC183806m,,,,
FAOXC183C163m,,,,
FAOXC18480m,,,,
FAOXC184C163x,,,,
FAOXC184C164x,,,,
FAOXC184x,,,,
FAOXC200180m,,,,
FAOXC200180x,,,,
FAOXC201C181x,,,,
FAOXC2031836m,,,,
FAOXC204,,,,
FAOXC204184m,,,,
FAOXC204C205x,,,,
FAOXC2051843m,,,,
FAOXC2051843x,,,,
FAOXC205C184x,,,,
FAOXC221C201x,,,,
FAOXC2242046m,,,,
FAOXC2242046x,,,,
FAOXC2252053m,,,,
FAOXC2252053x,,,,
FAOXC225C204x,,,,
FAOXC225C226x,,,,
FAOXC225x,,,,
FAOXC226205m,,,,
FAOXC226205x,,,,
FAOXC226C225x,,,,
FAOXC22C20x,,,,
FAOXC22OHC22r,,,,
FAOXC240200x,,,,
FAOXC241181x,,,,
FAOXC241C221x,,,,
FAOXC2442246x,,,,
FAOXC2452253x,,,,
FAOXC2452256x,,,,
FAOXC246226x,,,,
FAOXC24C22x,,,,
FAOXC260240x,,,,
FAOXC3DC,,,,
FAOXC4C2m,,,,
FAOXC4C4DCc,,,,
FAOXC5C5DCc,,,,
FAOXC61C4m,,,,
FAOXC61C4x,,,,
FAOXC61x,,,,
FAOXC6C4x,,,,
FAOXC6DCC4DCx,,,,
FAOXC80,,,,
FAOXC81C61x,,,,
FAOXC8C6x,,,,
FAOXC8DCC6DCx,,,,
FAOXMC10OHMC10r,,,,
FAOXOHC22C22DCc,,,,
FAOXOHMC10DC10c,,,,
FAOXTC101TC102m,,,,
FAOXTC102C101m,,,,
FAOXTC122TC101m,,,,
FAOXTC122m,,,,
FAOXTC142TC122m,,,,
FAOXTC162TC142m,,,,
FAS80COA_L,,,,
FCLTc,,,,
FCLTm,,,,
FOAXC122C101x,,,,
FOLOAT2tc,,,,
FOLt2,,,,
FORGLUt,,,,
FRDPtc,,,,
FRDPtr,,,,
FUMtr,,,,
G3PD2m,,,,
GABABGTtc,,,,
GALNTg,,,,
GALSIDEter,,,,
GALTt,,,,
GALt2_2,,,,
GBA2e,,,,
GCA3Sabc,,,,
GCA3St,,,,
GCDCA3Sabc,,,,
GCDCA3St,,,,
GDCA3Sabc,,,,
GDCA3St,,,,
GGTe_1,,,,
GLA2l,,,,
GLCRt1,,,,
GLDBRAN,,,,
GLNtm,,,,
GLUTCOAACBP,,,,
GLYC2P3Pc,,,,
GLYC_St,,,,
GLYNATm,,,,
GLYPROPRO1c,,,,
GLYPROt,,,,
GLYt2rL,,,,
GPDDACHOL,,,,
GRTTx,,,,
GUDCA3Sabc,,,,
GUDCA3St,,,,
H2O2itr,,,,
H2OGLYAQPt,,,,
HC00006te,,,,
HC00342te,,,,
HC00460te,,,,
HC00900t4,,,,
HC02194te,,,,
HC02220te,,,,
HDCACBP,,,,
HDCAter,,,,
HDD2COAtx,,,,
HDDACBP,,,,
HDECEACBP,,,,
HEXDICOAACBPx,,,,
HEXDTRm,,,,
HEXDTRte,,,,
HEXDTRtm,,,,
HEXGLYc,,,,
HEXGLYte,,,,
HIShPTtc,,,,
HMGCOAtx,,,,
HMGLx,,,,
HMR_0013,,,,
HMR_0014,,,,
HMR_0018,,,,
HMR_0019,,,,
HMR_0020,,,,
HMR_0154,,,,
HMR_0159,,,,
HMR_0161,,,,
HMR_0162,,,,
HMR_0163,,,,
HMR_0164,,,,
HMR_0165,,,,
HMR_0166,,,,
HMR_0167,,,,
HMR_0168,,,,
HMR_0169,,,,
HMR_0170,,,,
HMR_0171,,,,
HMR_0172,,,,
HMR_0173,,,,
HMR_0174,,,,
HMR_0175,,,,
HMR_0176,,,,
HMR_0177,,,,
HMR_0178,,,,
HMR_0180,,,,
HMR_0182,,,,
HMR_0183,,,,
HMR_0184,,,,
HMR_0185,,,,
HMR_0188,,,,
HMR_0189,,,,
HMR_0191,,,,
HMR_0192,,,,
HMR_0193,,,,
HMR_0194,,,,
HMR_0195,,,,
HMR_0196,,,,
HMR_0197,,,,
HMR_0198,,,,
HMR_0199,,,,
HMR_0200,,,,
HMR_0201,,,,
HMR_0202,,,,
HMR_0203,,,,
HMR_0204,,,,
HMR_0206,,,,
HMR_0207,,,,
HMR_0208,,,,
HMR_0209,,,,
HMR_0210,,,,
HMR_0211,,,,
HMR_0212,,,,
HMR_0213,,,,
HMR_0214,,,,
HMR_0215,,,,
HMR_0216,,,,
HMR_0217,,,,
HMR_0223,,,,
HMR_0224,,,,
HMR_0225,,,,
HMR_0226,,,,
HMR_0230,,,,
HMR_0231,,,,
HMR_0232,,,,
HMR_0233,,,,
HMR_0234,,,,
HMR_0235,,,,
HMR_0236,,,,
HMR_0237,,,,
HMR_0238,,,,
HMR_0239,,,,
HMR_0240,,,,
HMR_0241,,,,
HMR_0242,,,,
HMR_0243,,,,
HMR_0244,,,,
HMR_0245,,,,
HMR_0246,,,,
HMR_0247,,,,
HMR_0248,,,,
HMR_0249,,,,
HMR_0250,,,,
HMR_0253,,,,
HMR_0254,,,,
HMR_0255,,,,
HMR_0256,,,,
HMR_0257,,,,
HMR_0258,,,,
HMR_0259,,,,
HMR_0260,,,,
HMR_0261,,,,
HMR_0262,,,,
HMR_0263,,,,
HMR_0264,,,,
HMR_0265,,,,
HMR_0266,,,,
HMR_0268,,,,
HMR_0269,,,,
HMR_0270,,,,
HMR_0271,,,,
HMR_0272,,,,
HMR_0273,,,,
HMR_0274,,,,
HMR_0275,,,,
HMR_0276,,,,
HMR_0277,,,,
HMR_0278,,,,
HMR_0279,,,,
HMR_0280,,,,
HMR_0281,,,,
HMR_0282,,,,
HMR_0283,,,,
HMR_0284,,,,
HMR_0287,,,,
HMR_0288,,,,
HMR_0289,,,,
HMR_0290,,,,
HMR_0291,,,,
HMR_0292,,,,
HMR_0293,,,,
HMR_0294,,,,
HMR_0295,,,,
HMR_0296,,,,
HMR_0297,,,,
HMR_0298,,,,
HMR_0299,,,,
HMR_0300,,,,
HMR_0301,,,,
HMR_0302,,,,
HMR_0303,,,,
HMR_0304,,,,
HMR_0305,,,,
HMR_0306,,,,
HMR_0307,,,,
HMR_0308,,,,
HMR_0309,,,,
HMR_0310,,,,
HMR_0311,,,,
HMR_0312,,,,
HMR_0313,,,,
HMR_0314,,,,
HMR_0317,,,,
HMR_0318,,,,
HMR_0319,,,,
HMR_0320,,,,
HMR_0321,,,,
HMR_0322,,,,
HMR_0323,,,,
HMR_0324,,,,
HMR_0325,,,,
HMR_0326,,,,
HMR_0327,,,,
HMR_0328,,,,
HMR_0329,,,,
HMR_0330,,,,
HMR_0331,,,,
HMR_0332,,,,
HMR_0335,,,,
HMR_0336,,,,
HMR_0337,,,,
HMR_0338,,,,
HMR_0339,,,,
HMR_0340,,,,
HMR_0341,,,,
HMR_0342,,,,
HMR_0343,,,,
HMR_0344,,,,
HMR_0345,,,,
HMR_0346,,,,
HMR_0347,,,,
HMR_0350,,,,
HMR_0351,,,,
HMR_0352,,,,
HMR_0353,,,,
HMR_0354,,,,
HMR_0355,,,,
HMR_0356,,,,
HMR_0357,,,,
HMR_0358,,,,
HMR_0359,,,,
HMR_0360,,,,
HMR_0361,,,,
HMR_0362,,,,
HMR_0363,,,,
HMR_0364,,,,
HMR_0365,,,,
HMR_0366,,,,
HMR_0367,,,,
HMR_0368,,,,
HMR_0369,,,,
HMR_0370,,,,
HMR_0371,,,,
HMR_0372,,,,
HMR_0373,,,,
HMR_0374,,,,
HMR_0375,,,,
HMR_0376,,,,
HMR_0377,,,,
HMR_0378,,,,
HMR_0379,,,,
HMR_0380,,,,
HMR_0381,,,,
HMR_0382,,,,
HMR_0383,,,,
HMR_0384,,,,
HMR_0385,,,,
HMR_0386,,,,
HMR_0387,,,,
HMR_0388,,,,
HMR_0389,,,,
HMR_0390,,,,
HMR_0391,,,,
HMR_0392,,,,
HMR_0393,,,,
HMR_0394,,,,
HMR_0395,,,,
HMR_0396,,,,
HMR_0397,,,,
HMR_0398,,,,
HMR_0399,,,,
HMR_0400,,,,
HMR_0401,,,,
HMR_0402,,,,
HMR_0403,,,,
HMR_0404,,,,
HMR_0405,,,,
HMR_0406,,,,
HMR_0407,,,,
HMR_0409,,,,
HMR_0410,,,,
HMR_0411,,,,
HMR_0412,,,,
HMR_0413,,,,
HMR_0414,,,,
HMR_0415,,,,
HMR_0416,,,,
HMR_0417,,,,
HMR_0418,,,,
HMR_0419,,,,
HMR_0420,,,,
HMR_0421,,,,
HMR_0422,,,,
HMR_0423,,,,
HMR_0424,,,,
HMR_0425,,,,
HMR_0426,,,,
HMR_0427,,,,
HMR_0428,,,,
HMR_0429,,,,
HMR_0430,,,,
HMR_0431,,,,
HMR_0432,,,,
HMR_0433,,,,
HMR_0434,,,,
HMR_0435,,,,
HMR_0436,,,,
HMR_0437,,,,
HMR_0438,,,,
HMR_0439,,,,
HMR_0444,,,,
HMR_0449,,,,
HMR_0453,,,,
HMR_0456,,,,
HMR_0457,,,,
HMR_0460,,,,
HMR_0461,,,,
HMR_0466,,,,
HMR_0478,,,,
HMR_0479,,,,
HMR_0481,,,,
HMR_0482,,,,
HMR_0483,,,,
HMR_0486,,,,
HMR_0487,,,,
HMR_0488,,,,
HMR_0489,,,,
HMR_0490,,,,
HMR_0491,,,,
HMR_0492,,,,
HMR_0496,,,,
HMR_0497,,,,
HMR_0498,,,,
HMR_0499,,,,
HMR_0500,,,,
HMR_0503,,,,
HMR_0504,,,,
HMR_0505,,,,
HMR_0506,,,,
HMR_0507,,,,
HMR_0508,,,,
HMR_0509,,,,
HMR_0510,,,,
HMR_0511,,,,
HMR_0512,,,,
HMR_0513,,,,
HMR_0514,,,,
HMR_0515,,,,
HMR_0516,,,,
HMR_0517,,,,
HMR_0518,,,,
HMR_0519,,,,
HMR_0520,,,,
HMR_0521,,,,
HMR_0524,,,,
HMR_0525,,,,
HMR_0526,,,,
HMR_0527,,,,
HMR_0528,,,,
HMR_0529,,,,
HMR_0530,,,,
HMR_0531,,,,
HMR_0532,,,,
HMR_0533,,,,
HMR_0536,,,,
HMR_0539,,,,
HMR_0540,,,,
HMR_0541,,,,
HMR_0542,,,,
HMR_0543,,,,
HMR_0544,,,,
HMR_0582,,,,
HMR_0584,,,,
HMR_0593,,,,
HMR_0601,,,,
HMR_0607,,,,
HMR_0612,,,,
HMR_0615,,,,
HMR_0616,,,,
HMR_0622,,,,
HMR_0629,,,,
HMR_0632,,,,
HMR_0633,,,,
HMR_0634,,,,
HMR_0635,,,,
HMR_0642,,,,
HMR_0643,,,,
HMR_0644,,,,
HMR_0645,,,,
HMR_0646,,,,
HMR_0653,,,,
HMR_0654,,,,
HMR_0657,,,,
HMR_0660,,,,
HMR_0663,,,,
HMR_0672,,,,
HMR_0673,,,,
HMR_0674,,,,
HMR_0675,,,,
HMR_0676,,,,
HMR_0677,,,,
HMR_0678,,,,
HMR_0679,,,,
HMR_0680,,,,
HMR_0681,,,,
HMR_0682,,,,
HMR_0684,,,,
HMR_0709,,,,
HMR_0710,,,,
HMR_0712,,,,
HMR_0713,,,,
HMR_0730,,,,
HMR_0734,,,,
HMR_0744,,,,
HMR_0746,,,,
HMR_0748,,,,
HMR_0750,,,,
HMR_0753,,,,
HMR_0754,,,,
HMR_0758,,,,
HMR_0760,,,,
HMR_0766,,,,
HMR_0767,,,,
HMR_0770,,,,
HMR_0771,,,,
HMR_0773,,,,
HMR_0775,,,,
HMR_0779,,,,
HMR_0781,,,,
HMR_0782,,,,
HMR_0793,,,,
HMR_0802,,,,
HMR_0803,,,,
HMR_0807,,,,
HMR_0815,,,,
HMR_0821,,,,
HMR_0829,,,,
HMR_0837,,,,
HMR_0839,,,,
HMR_0841,,,,
HMR_0844,,,,
HMR_0846,,,,
HMR_0854,,,,
HMR_0859,,,,
HMR_0875,,,,
HMR_0889,,,,
HMR_0890,,,,
HMR_0891,,,,
HMR_0892,,,,
HMR_0893,,,,
HMR_0894,,,,
HMR_0895,,,,
HMR_0911,,,,
HMR_0912,,,,
HMR_0913,,,,
HMR_0914,,,,
HMR_0919,,,,
HMR_0921,,,,
HMR_0924,,,,
HMR_0941,,,,
HMR_0942,,,,
HMR_0943,,,,
HMR_0946,,,,
HMR_0947,,,,
HMR_0950,,,,
HMR_0951,,,,
HMR_0954,,,,
HMR_0955,,,,
HMR_0958,,,,
HMR_0959,,,,
HMR_0962,,,,
HMR_0963,,,,
HMR_0973,,,,
HMR_0976,,,,
HMR_0979,,,,
HMR_0980,,,,
HMR_0981,,,,
HMR_0983,,,,
HMR_10025,,,,
HMR_10033,,,,
HMR_10035,,,,
HMR_10036,,,,
HMR_10037,,,,
HMR_10038,,,,
HMR_10039,,,,
HMR_10040,,,,
HMR_10048,,,,
HMR_10049,,,,
HMR_10053,,,,
HMR_10061,,,,
HMR_10067,,,,
HMR_10068,,,,
HMR_1010,,,,
HMR_1011,,,,
HMR_1013,,,,
HMR_1014,,,,
HMR_1015,,,,
HMR_1016,,,,
HMR_1020,,,,
HMR_1021,,,,
HMR_1029,,,,
HMR_1030,,,,
HMR_1033,,,,
HMR_1035,,,,
HMR_1037,,,,
HMR_1039,,,,
HMR_1045,,,,
HMR_1075,,,,
HMR_1077,,,,
HMR_1080,,,,
HMR_1082,,,,
HMR_1084,,,,
HMR_1093,,,,
HMR_1095,,,,
HMR_1101,,,,
HMR_1102,,,,
HMR_1106,,,,
HMR_1126,,,,
HMR_1127,,,,
HMR_1129,,,,
HMR_1130,,,,
HMR_1132,,,,
HMR_1133,,,,
HMR_1135,,,,
HMR_1144,,,,
HMR_1152,,,,
HMR_1161,,,,
HMR_1162,,,,
HMR_1163,,,,
HMR_1164,,,,
HMR_1165,,,,
HMR_1166,,,,
HMR_1167,,,,
HMR_1168,,,,
HMR_1170,,,,
HMR_1171,,,,
HMR_1172,,,,
HMR_1173,,,,
HMR_1174,,,,
HMR_1175,,,,
HMR_1176,,,,
HMR_1177,,,,
HMR_1178,,,,
HMR_1179,,,,
HMR_1180,,,,
HMR_1181,,,,
HMR_1182,,,,
HMR_1183,,,,
HMR_1184,,,,
HMR_1185,,,,
HMR_1186,,,,
HMR_1187,,,,
HMR_1188,,,,
HMR_1194,,,,
HMR_1196,,,,
HMR_1201,,,,
HMR_1203,,,,
HMR_1204,,,,
HMR_1205,,,,
HMR_1206,,,,
HMR_1207,,,,
HMR_1208,,,,
HMR_1209,,,,
HMR_1210,,,,
HMR_1211,,,,
HMR_1212,,,,
HMR_1213,,,,
HMR_1214,,,,
HMR_1215,,,,
HMR_1228,,,,
HMR_1229,,,,
HMR_1231,,,,
HMR_1232,,,,
HMR_1233,,,,
HMR_1234,,,,
HMR_1237,,,,
HMR_1239,,,,
HMR_1240,,,,
HMR_1243,,,,
HMR_1244,,,,
HMR_1245,,,,
HMR_1263,,,,
HMR_1264,,,,
HMR_1266,,,,
HMR_1269,,,,
HMR_1280,,,,
HMR_1281,,,,
HMR_1282,,,,
HMR_1283,,,,
HMR_1284,,,,
HMR_1285,,,,
HMR_1309,,,,
HMR_1310,,,,
HMR_1318,,,,
HMR_1325,,,,
HMR_1326,,,,
HMR_1327,,,,
HMR_1329,,,,
HMR_1330,,,,
HMR_1346,,,,
HMR_1436,,,,
HMR_1437,,,,
HMR_1443,,,,
HMR_1477,,,,
HMR_1478,,,,
HMR_1479,,,,
HMR_1495,,,,
HMR_1496,,,,
HMR_1530,,,,
HMR_1532,,,,
HMR_1565,,,,
HMR_1576,,,,
HMR_1577,,,,
HMR_1581,,,,
HMR_1584,,,,
HMR_1585,,,,
HMR_1589,,,,
HMR_1590,,,,
HMR_1593,,,,
HMR_1595,,,,
HMR_1599,,,,
HMR_1604,,,,
HMR_1605,,,,
HMR_1608,,,,
HMR_1609,,,,
HMR_1610,,,,
HMR_1611,,,,
HMR_1613,,,,
HMR_1614,,,,
HMR_1622,,,,
HMR_1625,,,,
HMR_1627,,,,
HMR_1629,,,,
HMR_1630,,,,
HMR_1632,,,,
HMR_1635,,,,
HMR_1637,,,,
HMR_1638,,,,
HMR_1639,,,,
HMR_1642,,,,
HMR_1644,,,,
HMR_1646,,,,
HMR_1651,,,,
HMR_1652,,,,
HMR_1653,,,,
HMR_1656,,,,
HMR_1659,,,,
HMR_1660,,,,
HMR_1662,,,,
HMR_1663,,,,
HMR_1665,,,,
HMR_1666,,,,
HMR_1672,,,,
HMR_1673,,,,
HMR_1676,,,,
HMR_1679,,,,
HMR_1681,,,,
HMR_1682,,,,
HMR_1684,,,,
HMR_1685,,,,
HMR_1687,,,,
HMR_1689,,,,
HMR_1691,,,,
HMR_1692,,,,
HMR_1693,,,,
HMR_1694,,,,
HMR_1696,,,,
HMR_1697,,,,
HMR_1700,,,,
HMR_1701,,,,
HMR_1703,,,,
HMR_1704,,,,
HMR_1706,,,,
HMR_1708,,,,
HMR_1710,,,,
HMR_1717,,,,
HMR_1718,,,,
HMR_1726,,,,
HMR_1735,,,,
HMR_1737,,,,
HMR_1738,,,,
HMR_1739,,,,
HMR_1740,,,,
HMR_1741,,,,
HMR_1742,,,,
HMR_1743,,,,
HMR_1744,,,,
HMR_1745,,,,
HMR_1746,,,,
HMR_1747,,,,
HMR_1748,,,,
HMR_1749,,,,
HMR_1750,,,,
HMR_1751,,,,
HMR_1752,,,,
HMR_1753,,,,
HMR_1754,,,,
HMR_1756,,,,
HMR_1758,,,,
HMR_1759,,,,
HMR_1760,,,,
HMR_1761,,,,
HMR_1762,,,,
HMR_1764,,,,
HMR_1765,,,,
HMR_1766,,,,
HMR_1767,,,,
HMR_1768,,,,
HMR_1770,,,,
HMR_1774,,,,
HMR_1776,,,,
HMR_1784,,,,
HMR_1786,,,,
HMR_1787,,,,
HMR_1797,,,,
HMR_1802,,,,
HMR_1803,,,,
HMR_1804,,,,
HMR_1805,,,,
HMR_1806,,,,
HMR_1807,,,,
HMR_1830,,,,
HMR_1848,,,,
HMR_1850,,,,
HMR_1887,,,,
HMR_1888,,,,
HMR_1895,,,,
HMR_1896,,,,
HMR_1897,,,,
HMR_1915,,,,
HMR_1917,,,,
HMR_1927,,,,
HMR_1928,,,,
HMR_1929,,,,
HMR_1930,,,,
HMR_1936,,,,
HMR_1937,,,,
HMR_1945,,,,
HMR_1958,,,,
HMR_1960,,,,
HMR_1967,,,,
HMR_1970,,,,
HMR_1973,,,,
HMR_1974,,,,
HMR_1985,,,,
HMR_1987,,,,
HMR_1989,,,,
HMR_1991,,,,
HMR_1992,,,,
HMR_1996,,,,
HMR_1998,,,,
HMR_2014,,,,
HMR_2015,,,,
HMR_2016,,,,
HMR_2018,,,,
HMR_2019,,,,
HMR_2029,,,,
HMR_2032,,,,
HMR_2033,,,,
HMR_2034,,,,
HMR_2036,,,,
HMR_2039,,,,
HMR_2041,,,,
HMR_2042,,,,
HMR_2045,,,,
HMR_2055,,,,
HMR_2058,,,,
HMR_2115,,,,
HMR_2117,,,,
HMR_2118,,,,
HMR_2127,,,,
HMR_2137,,,,
HMR_2150,,,,
HMR_2152,,,,
HMR_2153,,,,
HMR_2154,,,,
HMR_2155,,,,
HMR_2156,,,,
HMR_2157,,,,
HMR_2158,,,,
HMR_2159,,,,
HMR_2160,,,,
HMR_2161,,,,
HMR_2162,,,,
HMR_2163,,,,
HMR_2164,,,,
HMR_2165,,,,
HMR_2166,,,,
HMR_2167,,,,
HMR_2168,,,,
HMR_2169,,,,
HMR_2170,,,,
HMR_2171,,,,
HMR_2172,,,,
HMR_2173,,,,
HMR_2174,,,,
HMR_2175,,,,
HMR_2176,,,,
HMR_2177,,,,
HMR_2178,,,,
HMR_2179,,,,
HMR_2180,,,,
HMR_2181,,,,
HMR_2182,,,,
HMR_2190,,,,
HMR_2191,,,,
HMR_2193,,,,
HMR_2201,,,,
HMR_2202,,,,
HMR_2203,,,,
HMR_2204,,,,
HMR_2205,,,,
HMR_2208,,,,
HMR_2209,,,,
HMR_2210,,,,
HMR_2227,,,,
HMR_2228,,,,
HMR_2229,,,,
HMR_2230,,,,
HMR_2231,,,,
HMR_2232,,,,
HMR_2233,,,,
HMR_2234,,,,
HMR_2235,,,,
HMR_2236,,,,
HMR_2237,,,,
HMR_2238,,,,
HMR_2239,,,,
HMR_2240,,,,
HMR_2241,,,,
HMR_2242,,,,
HMR_2243,,,,
HMR_2244,,,,
HMR_2245,,,,
HMR_2246,,,,
HMR_2247,,,,
HMR_2248,,,,
HMR_2249,,,,
HMR_2250,,,,
HMR_2251,,,,
HMR_2252,,,,
HMR_2254,,,,
HMR_2255,,,,
HMR_2256,,,,
HMR_2257,,,,
HMR_2258,,,,
HMR_2259,,,,
HMR_2260,,,,
HMR_2261,,,,
HMR_2262,,,,
HMR_2263,,,,
HMR_2264,,,,
HMR_2265,,,,
HMR_2266,,,,
HMR_2282,,,,
HMR_2284,,,,
HMR_2287,,,,
HMR_2292,,,,
HMR_2295,,,,
HMR_2305,,,,
HMR_2307,,,,
HMR_2309,,,,
HMR_2311,,,,
HMR_2315,,,,
HMR_2317,,,,
HMR_2319,,,,
HMR_2321,,,,
HMR_2324,,,,
HMR_2326,,,,
HMR_2328,,,,
HMR_2330,,,,
HMR_2342,,,,
HMR_2344,,,,
HMR_2345,,,,
HMR_2371,,,,
HMR_2374,,,,
HMR_2376,,,,
HMR_2378,,,,
HMR_2380,,,,
HMR_2383,,,,
HMR_2387,,,,
HMR_2389,,,,
HMR_2393,,,,
HMR_2395,,,,
HMR_2397,,,,
HMR_2399,,,,
HMR_2401,,,,
HMR_2407,,,,
HMR_2408,,,,
HMR_2409,,,,
HMR_2410,,,,
HMR_2411,,,,
HMR_2412,,,,
HMR_2433,,,,
HMR_2434,,,,
HMR_2435,,,,
HMR_2436,,,,
HMR_2472,,,,
HMR_2486,,,,
HMR_2489,,,,
HMR_2491,,,,
HMR_2493,,,,
HMR_2495,,,,
HMR_2509,,,,
HMR_2510,,,,
HMR_2511,,,,
HMR_2512,,,,
HMR_2513,,,,
HMR_2514,,,,
HMR_2515,,,,
HMR_2516,,,,
HMR_2518,,,,
HMR_2520,,,,
HMR_2522,,,,
HMR_2524,,,,
HMR_2569,,,,
HMR_2581,,,,
HMR_2583,,,,
HMR_2590,,,,
HMR_2591,,,,
HMR_2594,,,,
HMR_2598,,,,
HMR_2599,,,,
HMR_2600,,,,
HMR_2601,,,,
HMR_2602,,,,
HMR_2604,,,,
HMR_2605,,,,
HMR_2606,,,,
HMR_2607,,,,
HMR_2608,,,,
HMR_2609,,,,
HMR_2610,,,,
HMR_2614,,,,
HMR_2616,,,,
HMR_2618,,,,
HMR_2620,,,,
HMR_2621,,,,
HMR_2622,,,,
HMR_2623,,,,
HMR_2625,,,,
HMR_2626,,,,
HMR_2629,,,,
HMR_2630,,,,
HMR_2633,,,,
HMR_2635,,,,
HMR_2636,,,,
HMR_2640,,,,
HMR_2642,,,,
HMR_2646,,,,
HMR_2648,,,,
HMR_2649,,,,
HMR_2650,,,,
HMR_2651,,,,
HMR_2652,,,,
HMR_2653,,,,
HMR_2656,,,,
HMR_2657,,,,
HMR_2660,,,,
HMR_2663,,,,
HMR_2664,,,,
HMR_2665,,,,
HMR_2666,,,,
HMR_2675,,,,
HMR_2676,,,,
HMR_2677,,,,
HMR_2678,,,,
HMR_2680,,,,
HMR_2684,,,,
HMR_2685,,,,
HMR_2686,,,,
HMR_2690,,,,
HMR_2691,,,,
HMR_2692,,,,
HMR_2699,,,,
HMR_2700,,,,
HMR_2701,,,,
HMR_2702,,,,
HMR_2703,,,,
HMR_2704,,,,
HMR_2705,,,,
HMR_2706,,,,
HMR_2707,,,,
HMR_2711,,,,
HMR_2712,,,,
HMR_2713,,,,
HMR_2717,,,,
HMR_2720,,,,
HMR_2724,,,,
HMR_2726,,,,
HMR_2727,,,,
HMR_2729,,,,
HMR_2730,,,,
HMR_2731,,,,
HMR_2737,,,,
HMR_2738,,,,
HMR_2739,,,,
HMR_2740,,,,
HMR_2741,,,,
HMR_2742,,,,
HMR_2745,,,,
HMR_2746,,,,
HMR_2752,,,,
HMR_2754,,,,
HMR_2758,,,,
HMR_2759,,,,
HMR_2761,,,,
HMR_2768,,,,
HMR_2771,,,,
HMR_2772,,,,
HMR_2773,,,,
HMR_2778,,,,
HMR_2780,,,,
HMR_2783,,,,
HMR_2785,,,,
HMR_2787,,,,
HMR_2788,,,,
HMR_2789,,,,
HMR_2790,,,,
HMR_2791,,,,
HMR_2792,,,,
HMR_2793,,,,
HMR_2794,,,,
HMR_2795,,,,
HMR_2796,,,,
HMR_2797,,,,
HMR_2798,,,,
HMR_2799,,,,
HMR_2800,,,,
HMR_2801,,,,
HMR_2803,,,,
HMR_2805,,,,
HMR_2806,,,,
HMR_2807,,,,
HMR_2809,,,,
HMR_2811,,,,
HMR_2812,,,,
HMR_2813,,,,
HMR_2814,,,,
HMR_2815,,,,
HMR_2816,,,,
HMR_2821,,,,
HMR_2822,,,,
HMR_2823,,,,
HMR_2824,,,,
HMR_2825,,,,
HMR_2827,,,,
HMR_2829,,,,
HMR_2830,,,,
HMR_2831,,,,
HMR_2832,,,,
HMR_2833,,,,
HMR_2834,,,,
HMR_2835,,,,
HMR_2836,,,,
HMR_2837,,,,
HMR_2838,,,,
HMR_2839,,,,
HMR_2840,,,,
HMR_2841,,,,
HMR_2842,,,,
HMR_2843,,,,
HMR_2844,,,,
HMR_2845,,,,
HMR_2846,,,,
HMR_2847,,,,
HMR_2848,,,,
HMR_2849,,,,
HMR_2850,,,,
HMR_2851,,,,
HMR_2852,,,,
HMR_2853,,,,
HMR_2854,,,,
HMR_2855,,,,
HMR_2856,,,,
HMR_2863,,,,
HMR_2864,,,,
HMR_2865,,,,
HMR_2866,,,,
HMR_2867,,,,
HMR_2868,,,,
HMR_2869,,,,
HMR_2870,,,,
HMR_2871,,,,
HMR_2872,,,,
HMR_2873,,,,
HMR_2874,,,,
HMR_2875,,,,
HMR_2876,,,,
HMR_2880,,,,
HMR_2882,,,,
HMR_2884,,,,
HMR_2886,,,,
HMR_2888,,,,
HMR_2890,,,,
HMR_2892,,,,
HMR_2894,,,,
HMR_2896,,,,
HMR_2897,,,,
HMR_2898,,,,
HMR_2899,,,,
HMR_2900,,,,
HMR_2901,,,,
HMR_2902,,,,
HMR_2903,,,,
HMR_2904,,,,
HMR_2905,,,,
HMR_2906,,,,
HMR_2907,,,,
HMR_2908,,,,
HMR_2909,,,,
HMR_2910,,,,
HMR_2911,,,,
HMR_2912,,,,
HMR_2913,,,,
HMR_2914,,,,
HMR_2915,,,,
HMR_2916,,,,
HMR_2917,,,,
HMR_2918,,,,
HMR_2919,,,,
HMR_2920,,,,
HMR_2921,,,,
HMR_2922,,,,
HMR_2923,,,,
HMR_2924,,,,
HMR_2925,,,,
HMR_2926,,,,
HMR_2928,,,,
HMR_2929,,,,
HMR_2930,,,,
HMR_2931,,,,
HMR_2932,,,,
HMR_2942,,,,
HMR_2943,,,,
HMR_2944,,,,
HMR_2945,,,,
HMR_2946,,,,
HMR_2947,,,,
HMR_2948,,,,
HMR_2951,,,,
HMR_2954,,,,
HMR_2955,,,,
HMR_2956,,,,
HMR_2957,,,,
HMR_2961,,,,
HMR_2962,,,,
HMR_2963,,,,
HMR_2964,,,,
HMR_2965,,,,
HMR_2966,,,,
HMR_2967,,,,
HMR_2968,,,,
HMR_2969,,,,
HMR_2970,,,,
HMR_2971,,,,
HMR_2972,,,,
HMR_2974,,,,
HMR_2975,,,,
HMR_2976,,,,
HMR_2977,,,,
HMR_2978,,,,
HMR_2979,,,,
HMR_2980,,,,
HMR_2981,,,,
HMR_2983,,,,
HMR_2984,,,,
HMR_2985,,,,
HMR_2986,,,,
HMR_2987,,,,
HMR_2988,,,,
HMR_2989,,,,
HMR_2990,,,,
HMR_2991,,,,
HMR_2992,,,,
HMR_2994,,,,
HMR_2996,,,,
HMR_2998,,,,
HMR_2999,,,,
HMR_3000,,,,
HMR_3001,,,,
HMR_3002,,,,
HMR_3003,,,,
HMR_3008,,,,
HMR_3011,,,,
HMR_3013,,,,
HMR_3014,,,,
HMR_3015,,,,
HMR_3017,,,,
HMR_3019,,,,
HMR_3020,,,,
HMR_3022,,,,
HMR_3023,,,,
HMR_3024,,,,
HMR_3025,,,,
HMR_3026,,,,
HMR_3027,,,,
HMR_3028,,,,
HMR_3029,,,,
HMR_3030,,,,
HMR_3032,,,,
HMR_3037,,,,
HMR_3057,,,,
HMR_3058,,,,
HMR_3059,,,,
HMR_3060,,,,
HMR_3062,,,,
HMR_3063,,,,
HMR_3064,,,,
HMR_3065,,,,
HMR_3066,,,,
HMR_3067,,,,
HMR_3068,,,,
HMR_3069,,,,
HMR_3070,,,,
HMR_3071,,,,
HMR_3072,,,,
HMR_3073,,,,
HMR_3074,,,,
HMR_3075,,,,
HMR_3076,,,,
HMR_3077,,,,
HMR_3079,,,,
HMR_3080,,,,
HMR_3081,,,,
HMR_3082,,,,
HMR_3083,,,,
HMR_3084,,,,
HMR_3085,,,,
HMR_3086,,,,
HMR_3087,,,,
HMR_3088,,,,
HMR_3089,,,,
HMR_3090,,,,
HMR_3091,,,,
HMR_3092,,,,
HMR_3093,,,,
HMR_3094,,,,
HMR_3095,,,,
HMR_3096,,,,
HMR_3097,,,,
HMR_3098,,,,
HMR_3099,,,,
HMR_3100,,,,
HMR_3101,,,,
HMR_3102,,,,
HMR_3103,,,,
HMR_3104,,,,
HMR_3106,,,,
HMR_3107,,,,
HMR_3108,,,,
HMR_3109,,,,
HMR_3110,,,,
HMR_3111,,,,
HMR_3112,,,,
HMR_3113,,,,
HMR_3114,,,,
HMR_3128,,,,
HMR_3135,,,,
HMR_3142,,,,
HMR_3150,,,,
HMR_3151,,,,
HMR_3153,,,,
HMR_3156,,,,
HMR_3163,,,,
HMR_3164,,,,
HMR_3166,,,,
HMR_3170,,,,
HMR_3171,,,,
HMR_3172,,,,
HMR_3173,,,,
HMR_3174,,,,
HMR_3175,,,,
HMR_3176,,,,
HMR_3177,,,,
HMR_3178,,,,
HMR_3179,,,,
HMR_3180,,,,
HMR_3181,,,,
HMR_3182,,,,
HMR_3183,,,,
HMR_3184,,,,
HMR_3185,,,,
HMR_3186,,,,
HMR_3187,,,,
HMR_3188,,,,
HMR_3189,,,,
HMR_3190,,,,
HMR_3191,,,,
HMR_3192,,,,
HMR_3193,,,,
HMR_3194,,,,
HMR_3195,,,,
HMR_3196,,,,
HMR_3197,,,,
HMR_3198,,,,
HMR_3199,,,,
HMR_3200,,,,
HMR_3201,,,,
HMR_3202,,,,
HMR_3203,,,,
HMR_3204,,,,
HMR_3205,,,,
HMR_3208,,,,
HMR_3211,,,,
HMR_3213,,,,
HMR_3215,,,,
HMR_3218,,,,
HMR_3219,,,,
HMR_3220,,,,
HMR_3221,,,,
HMR_3222,,,,
HMR_3223,,,,
HMR_3224,,,,
HMR_3225,,,,
HMR_3226,,,,
HMR_3228,,,,
HMR_3229,,,,
HMR_3296,,,,
HMR_3301,,,,
HMR_3302,,,,
HMR_3304,,,,
HMR_3305,,,,
HMR_3306,,,,
HMR_3307,,,,
HMR_3309,,,,
HMR_3310,,,,
HMR_3311,,,,
HMR_3312,,,,
HMR_3314,,,,
HMR_3315,,,,
HMR_3316,,,,
HMR_3317,,,,
HMR_3319,,,,
HMR_3320,,,,
HMR_3326,,,,
HMR_3327,,,,
HMR_3328,,,,
HMR_3329,,,,
HMR_3330,,,,
HMR_3331,,,,
HMR_3332,,,,
HMR_3333,,,,
HMR_3334,,,,
HMR_3335,,,,
HMR_3336,,,,
HMR_3337,,,,
HMR_3338,,,,
HMR_3339,,,,
HMR_3340,,,,
HMR_3341,,,,
HMR_3342,,,,
HMR_3343,,,,
HMR_3344,,,,
HMR_3345,,,,
HMR_3346,,,,
HMR_3347,,,,
HMR_3348,,,,
HMR_3349,,,,
HMR_3350,,,,
HMR_3351,,,,
HMR_3352,,,,
HMR_3353,,,,
HMR_3355,,,,
HMR_3356,,,,
HMR_3357,,,,
HMR_3358,,,,
HMR_3359,,,,
HMR_3360,,,,
HMR_3361,,,,
HMR_3362,,,,
HMR_3363,,,,
HMR_3364,,,,
HMR_3365,,,,
HMR_3367,,,,
HMR_3368,,,,
HMR_3369,,,,
HMR_3370,,,,
HMR_3372,,,,
HMR_3373,,,,
HMR_3375,,,,
HMR_3396,,,,
HMR_3397,,,,
HMR_3413,,,,
HMR_3421,,,,
HMR_3422,,,,
HMR_3424,,,,
HMR_3427,,,,
HMR_3428,,,,
HMR_3429,,,,
HMR_3430,,,,
HMR_3432,,,,
HMR_3433,,,,
HMR_3473,,,,
HMR_3475,,,,
HMR_3481,,,,
HMR_3488,,,,
HMR_3489,,,,
HMR_3491,,,,
HMR_3493,,,,
HMR_3538,,,,
HMR_3539,,,,
HMR_3540,,,,
HMR_3541,,,,
HMR_3542,,,,
HMR_3543,,,,
HMR_3544,,,,
HMR_3545,,,,
HMR_3546,,,,
HMR_3547,,,,
HMR_3548,,,,
HMR_3549,,,,
HMR_3550,,,,
HMR_3551,,,,
HMR_3552,,,,
HMR_3553,,,,
HMR_3554,,,,
HMR_3555,,,,
HMR_3556,,,,
HMR_3557,,,,
HMR_3558,,,,
HMR_3559,,,,
HMR_3560,,,,
HMR_3561,,,,
HMR_3562,,,,
HMR_3563,,,,
HMR_3564,,,,
HMR_3565,,,,
HMR_3566,,,,
HMR_3567,,,,
HMR_3568,,,,
HMR_3569,,,,
HMR_3570,,,,
HMR_3571,,,,
HMR_3572,,,,
HMR_3573,,,,
HMR_3574,,,,
HMR_3575,,,,
HMR_3576,,,,
HMR_3577,,,,
HMR_3578,,,,
HMR_3579,,,,
HMR_3580,,,,
HMR_3581,,,,
HMR_3582,,,,
HMR_3583,,,,
HMR_3584,,,,
HMR_3585,,,,
HMR_3586,,,,
HMR_3587,,,,
HMR_3588,,,,
HMR_3589,,,,
HMR_3590,,,,
HMR_3591,,,,
HMR_3592,,,,
HMR_3593,,,,
HMR_3594,,,,
HMR_3595,,,,
HMR_3596,,,,
HMR_3625,,,,
HMR_3626,,,,
HMR_3627,,,,
HMR_3628,,,,
HMR_3629,,,,
HMR_3630,,,,
HMR_3631,,,,
HMR_3632,,,,
HMR_3633,,,,
HMR_3634,,,,
HMR_3635,,,,
HMR_3636,,,,
HMR_3637,,,,
HMR_3638,,,,
HMR_3639,,,,
HMR_3640,,,,
HMR_3641,,,,
HMR_3642,,,,
HMR_3643,,,,
HMR_3644,,,,
HMR_3645,,,,
HMR_3646,,,,
HMR_3647,,,,
HMR_3648,,,,
HMR_3649,,,,
HMR_3650,,,,
HMR_3651,,,,
HMR_3652,,,,
HMR_3653,,,,
HMR_3654,,,,
HMR_3655,,,,
HMR_3656,,,,
HMR_3657,,,,
HMR_3658,,,,
HMR_3659,,,,
HMR_3660,,,,
HMR_3661,,,,
HMR_3662,,,,
HMR_3663,,,,
HMR_3664,,,,
HMR_3665,,,,
HMR_3666,,,,
HMR_3667,,,,
HMR_3668,,,,
HMR_3669,,,,
HMR_3670,,,,
HMR_3671,,,,
HMR_3672,,,,
HMR_3673,,,,
HMR_3674,,,,
HMR_3675,,,,
HMR_3676,,,,
HMR_3677,,,,
HMR_3678,,,,
HMR_3679,,,,
HMR_3680,,,,
HMR_3681,,,,
HMR_3682,,,,
HMR_3683,,,,
HMR_3684,,,,
HMR_3685,,,,
HMR_3686,,,,
HMR_3687,,,,
HMR_3688,,,,
HMR_3689,,,,
HMR_3690,,,,
HMR_3691,,,,
HMR_3692,,,,
HMR_3693,,,,
HMR_3694,,,,
HMR_3695,,,,
HMR_3696,,,,
HMR_3697,,,,
HMR_3698,,,,
HMR_3699,,,,
HMR_3700,,,,
HMR_3701,,,,
HMR_3703,,,,
HMR_3704,,,,
HMR_3705,,,,
HMR_3706,,,,
HMR_3707,,,,
HMR_3708,,,,
HMR_3709,,,,
HMR_3710,,,,
HMR_3711,,,,
HMR_3712,,,,
HMR_3713,,,,
HMR_3714,,,,
HMR_3715,,,,
HMR_3716,,,,
HMR_3717,,,,
HMR_3718,,,,
HMR_3719,,,,
HMR_3720,,,,
HMR_3721,,,,
HMR_3722,,,,
HMR_3723,,,,
HMR_3724,,,,
HMR_3725,,,,
HMR_3726,,,,
HMR_3727,,,,
HMR_3728,,,,
HMR_3729,,,,
HMR_3732,,,,
HMR_3733,,,,
HMR_3734,,,,
HMR_3735,,,,
HMR_3736,,,,
HMR_3737,,,,
HMR_3738,,,,
HMR_3739,,,,
HMR_3740,,,,
HMR_3741,,,,
HMR_3744,,,,
HMR_3750,,,,
HMR_3751,,,,
HMR_3752,,,,
HMR_3759,,,,
HMR_3761,,,,
HMR_3762,,,,
HMR_3763,,,,
HMR_3765,,,,
HMR_3770,,,,
HMR_3771,,,,
HMR_3772,,,,
HMR_3773,,,,
HMR_3775,,,,
HMR_3778,,,,
HMR_3782,,,,
HMR_3783,,,,
HMR_3792,,,,
HMR_3795,,,,
HMR_3796,,,,
HMR_3797,,,,
HMR_3799,,,,
HMR_3802,,,,
HMR_3804,,,,
HMR_3806,,,,
HMR_3807,,,,
HMR_3816,,,,
HMR_3818,,,,
HMR_3819,,,,
HMR_3820,,,,
HMR_3822,,,,
HMR_3827,,,,
HMR_3831,,,,
HMR_3833,,,,
HMR_3835,,,,
HMR_3837,,,,
HMR_3838,,,,
HMR_3845,,,,
HMR_3848,,,,
HMR_3850,,,,
HMR_3853,,,,
HMR_3854,,,,
HMR_3855,,,,
HMR_3856,,,,
HMR_3857,,,,
HMR_3859,,,,
HMR_3862,,,,
HMR_3863,,,,
HMR_3865,,,,
HMR_3866,,,,
HMR_3867,,,,
HMR_3868,,,,
HMR_3869,,,,
HMR_3870,,,,
HMR_3871,,,,
HMR_3875,,,,
HMR_3877,,,,
HMR_3889,,,,
HMR_3890,,,,
HMR_3892,,,,
HMR_3899,,,,
HMR_3903,,,,
HMR_3915,,,,
HMR_3916,,,,
HMR_3917,,,,
HMR_3923,,,,
HMR_3925,,,,
HMR_3929,,,,
HMR_3931,,,,
HMR_3933,,,,
HMR_3935,,,,
HMR_3939,,,,
HMR_3940,,,,
HMR_3944,,,,
HMR_3948,,,,
HMR_3952,,,,
HMR_3953,,,,
HMR_3957,,,,
HMR_3958,,,,
HMR_3965,,,,
HMR_3966,,,,
HMR_3967,,,,
HMR_3968,,,,
HMR_3969,,,,
HMR_3971,,,,
HMR_3975,,,,
HMR_3977,,,,
HMR_3979,,,,
HMR_3991,,,,
HMR_3992,,,,
HMR_3998,,,,
HMR_4002,,,,
HMR_4004,,,,
HMR_4006,,,,
HMR_4008,,,,
HMR_4012,,,,
HMR_4016,,,,
HMR_4018,,,,
HMR_4020,,,,
HMR_4026,,,,
HMR_4028,,,,
HMR_4030,,,,
HMR_4034,,,,
HMR_4038,,,,
HMR_4040,,,,
HMR_4044,,,,
HMR_4046,,,,
HMR_4050,,,,
HMR_4052,,,,
HMR_4054,,,,
HMR_4059,,,,
HMR_4060,,,,
HMR_4061,,,,
HMR_4064,,,,
HMR_4065,,,,
HMR_4066,,,,
HMR_4067,,,,
HMR_4068,,,,
HMR_4077,,,,
HMR_4079,,,,
HMR_4081,,,,
HMR_4083,,,,
HMR_4085,,,,
HMR_4086,,,,
HMR_4087,,,,
HMR_4089,,,,
HMR_4091,,,,
HMR_4099,,,,
HMR_4101,,,,
HMR_4103,,,,
HMR_4105,,,,
HMR_4106,,,,
HMR_4107,,,,
HMR_4109,,,,
HMR_4111,,,,
HMR_4112,,,,
HMR_4113,,,,
HMR_4114,,,,
HMR_4115,,,,
HMR_4116,,,,
HMR_4118,,,,
HMR_4120,,,,
HMR_4121,,,,
HMR_4127,,,,
HMR_4128,,,,
HMR_4131,,,,
HMR_4132,,,,
HMR_4141,,,,
HMR_4143,,,,
HMR_4147,,,,
HMR_4152,,,,
HMR_4160,,,,
HMR_4162,,,,
HMR_4168,,,,
HMR_4171,,,,
HMR_4172,,,,
HMR_4176,,,,
HMR_4187,,,,
HMR_4191,,,,
HMR_4193,,,,
HMR_4196,,,,
HMR_4197,,,,
HMR_4198,,,,
HMR_4209,,,,
HMR_4210,,,,
HMR_4211,,,,
HMR_4214,,,,
HMR_4216,,,,
HMR_4218,,,,
HMR_4219,,,,
HMR_4220,,,,
HMR_4225,,,,
HMR_4228,,,,
HMR_4231,,,,
HMR_4232,,,,
HMR_4237,,,,
HMR_4239,,,,
HMR_4242,,,,
HMR_4243,,,,
HMR_4250,,,,
HMR_4251,,,,
HMR_4252,,,,
HMR_4253,,,,
HMR_4254,,,,
HMR_4260,,,,
HMR_4261,,,,
HMR_4269,,,,
HMR_4270,,,,
HMR_4271,,,,
HMR_4280,,,,
HMR_4281,,,,
HMR_4282,,,,
HMR_4287,,,,
HMR_4288,,,,
HMR_4297,,,,
HMR_4299,,,,
HMR_4300,,,,
HMR_4315,,,,
HMR_4316,,,,
HMR_4319,,,,
HMR_4324,,,,
HMR_4326,,,,
HMR_4329,,,,
HMR_4330,,,,
HMR_4331,,,,
HMR_4332,,,,
HMR_4335,,,,
HMR_4338,,,,
HMR_4340,,,,
HMR_4344,,,,
HMR_4345,,,,
HMR_4346,,,,
HMR_4350,,,,
HMR_4351,,,,
HMR_4352,,,,
HMR_4370,,,,
HMR_4387,,,,
HMR_4394,,,,
HMR_4399,,,,
HMR_4400,,,,
HMR_4406,,,,
HMR_4410,,,,
HMR_4414,,,,
HMR_4415,,,,
HMR_4417,,,,
HMR_4419,,,,
HMR_4420,,,,
HMR_4421,,,,
HMR_4424,,,,
HMR_4429,,,,
HMR_4430,,,,
HMR_4431,,,,
HMR_4432,,,,
HMR_4433,,,,
HMR_4440,,,,
HMR_4442,,,,
HMR_4444,,,,
HMR_4446,,,,
HMR_4448,,,,
HMR_4452,,,,
HMR_4453,,,,
HMR_4454,,,,
HMR_4456,,,,
HMR_4458,,,,
HMR_4459,,,,
HMR_4460,,,,
HMR_4461,,,,
HMR_4465,,,,
HMR_4470,,,,
HMR_4471,,,,
HMR_4472,,,,
HMR_4480,,,,
HMR_4481,,,,
HMR_4483,,,,
HMR_4486,,,,
HMR_4487,,,,
HMR_4488,,,,
HMR_4489,,,,
HMR_4490,,,,
HMR_4492,,,,
HMR_4493,,,,
HMR_4497,,,,
HMR_4498,,,,
HMR_4500,,,,
HMR_4503,,,,
HMR_4505,,,,
HMR_4507,,,,
HMR_4513,,,,
HMR_4516,,,,
HMR_4518,,,,
HMR_4519,,,,
HMR_4521,,,,
HMR_4523,,,,
HMR_4527,,,,
HMR_4528,,,,
HMR_4529,,,,
HMR_4530,,,,
HMR_4537,,,,
HMR_4539,,,,
HMR_4540,,,,
HMR_4541,,,,
HMR_4542,,,,
HMR_4543,,,,
HMR_4544,,,,
HMR_4545,,,,
HMR_4558,,,,
HMR_4559,,,,
HMR_4561,,,,
HMR_4563,,,,
HMR_4567,,,,
HMR_4568,,,,
HMR_4570,,,,
HMR_4572,,,,
HMR_4573,,,,
HMR_4574,,,,
HMR_4579,,,,
HMR_4582,,,,
HMR_4583,,,,
HMR_4584,,,,
HMR_4585,,,,
HMR_4586,,,,
HMR_4587,,,,
HMR_4588,,,,
HMR_4589,,,,
HMR_4590,,,,
HMR_4591,,,,
HMR_4592,,,,
HMR_4593,,,,
HMR_4595,,,,
HMR_4596,,,,
HMR_4597,,,,
HMR_4599,,,,
HMR_4600,,,,
HMR_4604,,,,
HMR_4606,,,,
HMR_4607,,,,
HMR_4608,,,,
HMR_4617,,,,
HMR_4618,,,,
HMR_4619,,,,
HMR_4625,,,,
HMR_4627,,,,
HMR_4628,,,,
HMR_4629,,,,
HMR_4630,,,,
HMR_4635,,,,
HMR_4637,,,,
HMR_4640,,,,
HMR_4642,,,,
HMR_4643,,,,
HMR_4644,,,,
HMR_4652,,,,
HMR_4654,,,,
HMR_4656,,,,
HMR_4657,,,,
HMR_4658,,,,
HMR_4662,,,,
HMR_4663,,,,
HMR_4664,,,,
HMR_4665,,,,
HMR_4666,,,,
HMR_4667,,,,
HMR_4668,,,,
HMR_4670,,,,
HMR_4673,,,,
HMR_4675,,,,
HMR_4680,,,,
HMR_4681,,,,
HMR_4682,,,,
HMR_4686,,,,
HMR_4687,,,,
HMR_4689,,,,
HMR_4692,,,,
HMR_4693,,,,
HMR_4697,,,,
HMR_4699,,,,
HMR_4700,,,,
HMR_4701,,,,
HMR_4702,,,,
HMR_4703,,,,
HMR_4705,,,,
HMR_4706,,,,
HMR_4708,,,,
HMR_4709,,,,
HMR_4710,,,,
HMR_4725,,,,
HMR_4727,,,,
HMR_4737,,,,
HMR_4739,,,,
HMR_4740,,,,
HMR_4741,,,,
HMR_4742,,,,
HMR_4754,,,,
HMR_4755,,,,
HMR_4756,,,,
HMR_4758,,,,
HMR_4760,,,,
HMR_4764,,,,
HMR_4765,,,,
HMR_4776,,,,
HMR_4777,,,,
HMR_4778,,,,
HMR_4779,,,,
HMR_4780,,,,
HMR_4781,,,,
HMR_4784,,,,
HMR_4787,,,,
HMR_4789,,,,
HMR_4796,,,,
HMR_4797,,,,
HMR_4799,,,,
HMR_4802,,,,
HMR_4804,,,,
HMR_4806,,,,
HMR_4808,,,,
HMR_4810,,,,
HMR_4812,,,,
HMR_4814,,,,
HMR_4816,,,,
HMR_4838,,,,
HMR_4839,,,,
HMR_4843,,,,
HMR_4844,,,,
HMR_4846,,,,
HMR_4848,,,,
HMR_4854,,,,
HMR_4855,,,,
HMR_4861,,,,
HMR_4873,,,,
HMR_4876,,,,
HMR_4877,,,,
HMR_4879,,,,
HMR_4883,,,,
HMR_4885,,,,
HMR_4888,,,,
HMR_4893,,,,
HMR_4907,,,,
HMR_4914,,,,
HMR_4915,,,,
HMR_4944,,,,
HMR_4947,,,,
HMR_4949,,,,
HMR_4951,,,,
HMR_4953,,,,
HMR_4957,,,,
HMR_4958,,,,
HMR_4959,,,,
HMR_4969,,,,
HMR_4971,,,,
HMR_4977,,,,
HMR_4979,,,,
HMR_4992,,,,
HMR_4994,,,,
HMR_4998,,,,
HMR_4999,,,,
HMR_5004,,,,
HMR_5005,,,,
HMR_5006,,,,
HMR_5007,,,,
HMR_5013,,,,
HMR_5014,,,,
HMR_5015,,,,
HMR_5023,,,,
HMR_5031,,,,
HMR_5033,,,,
HMR_5035,,,,
HMR_5042,,,,
HMR_5045,,,,
HMR_5046,,,,
HMR_5047,,,,
HMR_5048,,,,
HMR_5049,,,,
HMR_5050,,,,
HMR_5051,,,,
HMR_5052,,,,
HMR_5055,,,,
HMR_5056,,,,
HMR_5057,,,,
HMR_5058,,,,
HMR_5060,,,,
HMR_5061,,,,
HMR_5062,,,,
HMR_5063,,,,
HMR_5065,,,,
HMR_5066,,,,
HMR_5074,,,,
HMR_5076,,,,
HMR_5077,,,,
HMR_5078,,,,
HMR_5080,,,,
HMR_5082,,,,
HMR_5084,,,,
HMR_5085,,,,
HMR_5088,,,,
HMR_5089,,,,
HMR_5091,,,,
HMR_5092,,,,
HMR_5096,,,,
HMR_5105,,,,
HMR_5116,,,,
HMR_5124,,,,
HMR_5130,,,,
HMR_5131,,,,
HMR_5132,,,,
HMR_5133,,,,
HMR_5134,,,,
HMR_5135,,,,
HMR_5136,,,,
HMR_5137,,,,
HMR_5138,,,,
HMR_5139,,,,
HMR_5140,,,,
HMR_5141,,,,
HMR_5142,,,,
HMR_5143,,,,
HMR_5145,,,,
HMR_5146,,,,
HMR_5147,,,,
HMR_5148,,,,
HMR_5149,,,,
HMR_5150,,,,
HMR_5151,,,,
HMR_5152,,,,
HMR_5153,,,,
HMR_5154,,,,
HMR_5157,,,,
HMR_5160,,,,
HMR_5161,,,,
HMR_5162,,,,
HMR_5163,,,,
HMR_5164,,,,
HMR_5166,,,,
HMR_5169,,,,
HMR_5170,,,,
HMR_5171,,,,
HMR_5197,,,,
HMR_5198,,,,
HMR_5199,,,,
HMR_5200,,,,
HMR_5201,,,,
HMR_5202,,,,
HMR_5203,,,,
HMR_5205,,,,
HMR_5212,,,,
HMR_5213,,,,
HMR_5214,,,,
HMR_5215,,,,
HMR_5216,,,,
HMR_5217,,,,
HMR_5218,,,,
HMR_5219,,,,
HMR_5220,,,,
HMR_5221,,,,
HMR_5224,,,,
HMR_5226,,,,
HMR_5228,,,,
HMR_5232,,,,
HMR_5233,,,,
HMR_5234,,,,
HMR_5236,,,,
HMR_5237,,,,
HMR_5238,,,,
HMR_5239,,,,
HMR_5240,,,,
HMR_5253,,,,
HMR_5258,,,,
HMR_5259,,,,
HMR_5261,,,,
HMR_5263,,,,
HMR_5265,,,,
HMR_5272,,,,
HMR_5274,,,,
HMR_5276,,,,
HMR_5278,,,,
HMR_5280,,,,
HMR_5284,,,,
HMR_5285,,,,
HMR_5286,,,,
HMR_5287,,,,
HMR_5292,,,,
HMR_5294,,,,
HMR_5297,,,,
HMR_5303,,,,
HMR_5330,,,,
HMR_5338,,,,
HMR_5339,,,,
HMR_5346,,,,
HMR_5347,,,,
HMR_5353,,,,
HMR_5362,,,,
HMR_5395,,,,
HMR_5396,,,,
HMR_5397,,,,
HMR_5398,,,,
HMR_5401,,,,
HMR_5411,,,,
HMR_5413,,,,
HMR_5420,,,,
HMR_5443,,,,
HMR_5444,,,,
HMR_5448,,,,
HMR_5458,,,,
HMR_5467,,,,
HMR_5475,,,,
HMR_5527,,,,
HMR_5528,,,,
HMR_5529,,,,
HMR_5530,,,,
HMR_5531,,,,
HMR_5532,,,,
HMR_5533,,,,
HMR_5534,,,,
HMR_5535,,,,
HMR_5536,,,,
HMR_5537,,,,
HMR_5538,,,,
HMR_5539,,,,
HMR_5540,,,,
HMR_5541,,,,
HMR_5565,,,,
HMR_5582,,,,
HMR_5849,,,,
HMR_6021,,,,
HMR_6035,,,,
HMR_6049,,,,
HMR_6063,,,,
HMR_6093,,,,
HMR_6095,,,,
HMR_6104,,,,
HMR_6108,,,,
HMR_6109,,,,
HMR_6110,,,,
HMR_6128,,,,
HMR_6130,,,,
HMR_6137,,,,
HMR_6141,,,,
HMR_6143,,,,
HMR_6160,,,,
HMR_6286,,,,
HMR_6306,,,,
HMR_6308,,,,
HMR_6318,,,,
HMR_6328,,,,
HMR_6332,,,,
HMR_6339,,,,
HMR_6369,,,,
HMR_6385,,,,
HMR_6387,,,,
HMR_6391,,,,
HMR_6394,,,,
HMR_6397,,,,
HMR_6411,,,,
HMR_6413,,,,
HMR_6414,,,,
HMR_6415,,,,
HMR_6416,,,,
HMR_6417,,,,
HMR_6419,,,,
HMR_6420,,,,
HMR_6421,,,,
HMR_6422,,,,
HMR_6474,,,,
HMR_6495,,,,
HMR_6496,,,,
HMR_6507,,,,
HMR_6511,,,,
HMR_6513,,,,
HMR_6537,,,,
HMR_6539,,,,
HMR_6540,,,,
HMR_6542,,,,
HMR_6545,,,,
HMR_6546,,,,
HMR_6547,,,,
HMR_6548,,,,
HMR_6549,,,,
HMR_6551,,,,
HMR_6552,,,,
HMR_6555,,,,
HMR_6556,,,,
HMR_6557,,,,
HMR_6559,,,,
HMR_6560,,,,
HMR_6561,,,,
HMR_6562,,,,
HMR_6567,,,,
HMR_6568,,,,
HMR_6569,,,,
HMR_6570,,,,
HMR_6576,,,,
HMR_6587,,,,
HMR_6591,,,,
HMR_6612,,,,
HMR_6614,,,,
HMR_6615,,,,
HMR_6616,,,,
HMR_6617,,,,
HMR_6619,,,,
HMR_6621,,,,
HMR_6622,,,,
HMR_6625,,,,
HMR_6626,,,,
HMR_6627,,,,
HMR_6629,,,,
HMR_6633,,,,
HMR_6638,,,,
HMR_6643,,,,
HMR_6644,,,,
HMR_6645,,,,
HMR_6646,,,,
HMR_6647,,,,
HMR_6651,,,,
HMR_6661,,,,
HMR_6672,,,,
HMR_6673,,,,
HMR_6674,,,,
HMR_6675,,,,
HMR_6707,,,,
HMR_6713,,,,
HMR_6714,,,,
HMR_6725,,,,
HMR_6726,,,,
HMR_6730,,,,
HMR_6734,,,,
HMR_6736,,,,
HMR_6738,,,,
HMR_6740,,,,
HMR_6750,,,,
HMR_6751,,,,
HMR_6758,,,,
HMR_6761,,,,
HMR_6762,,,,
HMR_6763,,,,
HMR_6764,,,,
HMR_6766,,,,
HMR_6767,,,,
HMR_6774,,,,
HMR_6776,,,,
HMR_6778,,,,
HMR_6780,,,,
HMR_6781,,,,
HMR_6782,,,,
HMR_6790,,,,
HMR_6791,,,,
HMR_6813,,,,
HMR_6826,,,,
HMR_6834,,,,
HMR_6839,,,,
HMR_6877,,,,
HMR_6883,,,,
HMR_6911,,,,
HMR_6912,,,,
HMR_6923,,,,
HMR_6932,,,,
HMR_6935,,,,
HMR_6942,,,,
HMR_6945,,,,
HMR_6948,,,,
HMR_6951,,,,
HMR_6969,,,,
HMR_6970,,,,
HMR_6987,,,,
HMR_7174,,,,
HMR_7175,,,,
HMR_7181,,,,
HMR_7197,,,,
HMR_7253,,,,
HMR_7254,,,,
HMR_7258,,,,
HMR_7259,,,,
HMR_7260,,,,
HMR_7261,,,,
HMR_7263,,,,
HMR_7278,,,,
HMR_7282,,,,
HMR_7283,,,,
HMR_7289,,,,
HMR_7292,,,,
HMR_7293,,,,
HMR_7300,,,,
HMR_7312,,,,
HMR_7315,,,,
HMR_7318,,,,
HMR_7322,,,,
HMR_7327,,,,
HMR_7328,,,,
HMR_7329,,,,
HMR_7330,,,,
HMR_7337,,,,
HMR_7341,,,,
HMR_7350,,,,
HMR_7352,,,,
HMR_7353,,,,
HMR_7361,,,,
HMR_7363,,,,
HMR_7366,,,,
HMR_7370,,,,
HMR_7371,,,,
HMR_7373,,,,
HMR_7378,,,,
HMR_7386,,,,
HMR_7393,,,,
HMR_7394,,,,
HMR_7395,,,,
HMR_7396,,,,
HMR_7397,,,,
HMR_7398,,,,
HMR_7399,,,,
HMR_7404,,,,
HMR_7418,,,,
HMR_7424,,,,
HMR_7427,,,,
HMR_7431,,,,
HMR_7433,,,,
HMR_7462,,,,
HMR_7470,,,,
HMR_7471,,,,
HMR_7472,,,,
HMR_7473,,,,
HMR_7474,,,,
HMR_7475,,,,
HMR_7476,,,,
HMR_7477,,,,
HMR_7478,,,,
HMR_7479,,,,
HMR_7480,,,,
HMR_7481,,,,
HMR_7482,,,,
HMR_7483,,,,
HMR_7484,,,,
HMR_7485,,,,
HMR_7486,,,,
HMR_7487,,,,
HMR_7488,,,,
HMR_7489,,,,
HMR_7490,,,,
HMR_7492,,,,
HMR_7496,,,,
HMR_7498,,,,
HMR_7499,,,,
HMR_7500,,,,
HMR_7501,,,,
HMR_7502,,,,
HMR_7503,,,,
HMR_7504,,,,
HMR_7505,,,,
HMR_7506,,,,
HMR_7507,,,,
HMR_7508,,,,
HMR_7515,,,,
HMR_7519,,,,
HMR_7522,,,,
HMR_7528,,,,
HMR_7529,,,,
HMR_7530,,,,
HMR_7531,,,,
HMR_7533,,,,
HMR_7534,,,,
HMR_7535,,,,
HMR_7536,,,,
HMR_7537,,,,
HMR_7538,,,,
HMR_7539,,,,
HMR_7540,,,,
HMR_7541,,,,
HMR_7542,,,,
HMR_7543,,,,
HMR_7544,,,,
HMR_7545,,,,
HMR_7546,,,,
HMR_7547,,,,
HMR_7549,,,,
HMR_7550,,,,
HMR_7551,,,,
HMR_7553,,,,
HMR_7581,,,,
HMR_7582,,,,
HMR_7588,,,,
HMR_7590,,,,
HMR_7591,,,,
HMR_7594,,,,
HMR_7596,,,,
HMR_7597,,,,
HMR_7598,,,,
HMR_7600,,,,
HMR_7602,,,,
HMR_7603,,,,
HMR_7609,,,,
HMR_7610,,,,
HMR_7611,,,,
HMR_7614,,,,
HMR_7615,,,,
HMR_7617,,,,
HMR_7618,,,,
HMR_7642,,,,
HMR_7646,,,,
HMR_7647,,,,
HMR_7650,,,,
HMR_7652,,,,
HMR_7653,,,,
HMR_7654,,,,
HMR_7656,,,,
HMR_7661,,,,
HMR_7662,,,,
HMR_7664,,,,
HMR_7665,,,,
HMR_7668,,,,
HMR_7669,,,,
HMR_7670,,,,
HMR_7671,,,,
HMR_7674,,,,
HMR_7675,,,,
HMR_7676,,,,
HMR_7684,,,,
HMR_7702,,,,
HMR_7707,,,,
HMR_7708,,,,
HMR_7717,,,,
HMR_7719,,,,
HMR_7730,,,,
HMR_7731,,,,
HMR_7732,,,,
HMR_7736,,,,
HMR_7745,,,,
HMR_7746,,,,
HMR_7747,,,,
HMR_7749,,,,
HMR_7757,,,,
HMR_7763,,,,
HMR_7766,,,,
HMR_7768,,,,
HMR_7769,,,,
HMR_7792,,,,
HMR_7794,,,,
HMR_7795,,,,
HMR_7796,,,,
HMR_7799,,,,
HMR_7800,,,,
HMR_7801,,,,
HMR_7802,,,,
HMR_7808,,,,
HMR_7820,,,,
HMR_7841,,,,
HMR_7855,,,,
HMR_7858,,,,
HMR_7859,,,,
HMR_7860,,,,
HMR_7863,,,,
HMR_7864,,,,
HMR_7866,,,,
HMR_7867,,,,
HMR_7868,,,,
HMR_7869,,,,
HMR_7872,,,,
HMR_7873,,,,
HMR_7874,,,,
HMR_7875,,,,
HMR_7877,,,,
HMR_7878,,,,
HMR_7881,,,,
HMR_7882,,,,
HMR_7883,,,,
HMR_7884,,,,
HMR_7885,,,,
HMR_7886,,,,
HMR_7887,,,,
HMR_7888,,,,
HMR_7889,,,,
HMR_7890,,,,
HMR_7891,,,,
HMR_7892,,,,
HMR_7893,,,,
HMR_7906,,,,
HMR_7908,,,,
HMR_7909,,,,
HMR_7910,,,,
HMR_7911,,,,
HMR_7912,,,,
HMR_7913,,,,
HMR_7923,,,,
HMR_7931,,,,
HMR_7935,,,,
HMR_7936,,,,
HMR_7937,,,,
HMR_7938,,,,
HMR_7940,,,,
HMR_7942,,,,
HMR_7943,,,,
HMR_7953,,,,
HMR_7955,,,,
HMR_7956,,,,
HMR_7968,,,,
HMR_7969,,,,
HMR_7971,,,,
HMR_7972,,,,
HMR_7973,,,,
HMR_7992,,,,
HMR_8008,,,,
HMR_8009,,,,
HMR_8016,,,,
HMR_8017,,,,
HMR_8018,,,,
HMR_8019,,,,
HMR_8020,,,,
HMR_8021,,,,
HMR_8036,,,,
HMR_8037,,,,
HMR_8072,,,,
HMR_8074,,,,
HMR_8088,,,,
HMR_8089,,,,
HMR_8098,,,,
HMR_8099,,,,
HMR_8100,,,,
HMR_8108,,,,
HMR_8109,,,,
HMR_8110,,,,
HMR_8112,,,,
HMR_8113,,,,
HMR_8114,,,,
HMR_8115,,,,
HMR_8116,,,,
HMR_8117,,,,
HMR_8125,,,,
HMR_8126,,,,
HMR_8127,,,,
HMR_8128,,,,
HMR_8130,,,,
HMR_8131,,,,
HMR_8133,,,,
HMR_8134,,,,
HMR_8136,,,,
HMR_8138,,,,
HMR_8140,,,,
HMR_8142,,,,
HMR_8144,,,,
HMR_8145,,,,
HMR_8148,,,,
HMR_8149,,,,
HMR_8193,,,,
HMR_8194,,,,
HMR_8195,,,,
HMR_8196,,,,
HMR_8197,,,,
HMR_8198,,,,
HMR_8199,,,,
HMR_8200,,,,
HMR_8201,,,,
HMR_8203,,,,
HMR_8205,,,,
HMR_8206,,,,
HMR_8207,,,,
HMR_8208,,,,
HMR_8209,,,,
HMR_8210,,,,
HMR_8212,,,,
HMR_8213,,,,
HMR_8214,,,,
HMR_8215,,,,
HMR_8216,,,,
HMR_8217,,,,
HMR_8219,,,,
HMR_8220,,,,
HMR_8275,,,,
HMR_8277,,,,
HMR_8278,,,,
HMR_8305,,,,
HMR_8306,,,,
HMR_8307,,,,
HMR_8308,,,,
HMR_8309,,,,
HMR_8310,,,,
HMR_8311,,,,
HMR_8336,,,,
HMR_8344,,,,
HMR_8345,,,,
HMR_8346,,,,
HMR_8347,,,,
HMR_8348,,,,
HMR_8349,,,,
HMR_8350,,,,
HMR_8351,,,,
HMR_8352,,,,
HMR_8353,,,,
HMR_8356,,,,
HMR_8358,,,,
HMR_8366,,,,
HMR_8367,,,,
HMR_8371,,,,
HMR_8372,,,,
HMR_8373,,,,
HMR_8408,,,,
HMR_8427,,,,
HMR_8428,,,,
HMR_8430,,,,
HMR_8433,,,,
HMR_8434,,,,
HMR_8435,,,,
HMR_8436,,,,
HMR_8437,,,,
HMR_8438,,,,
HMR_8439,,,,
HMR_8440,,,,
HMR_8441,,,,
HMR_8442,,,,
HMR_8448,,,,
HMR_8449,,,,
HMR_8451,,,,
HMR_8453,,,,
HMR_8454,,,,
HMR_8455,,,,
HMR_8456,,,,
HMR_8457,,,,
HMR_8458,,,,
HMR_8459,,,,
HMR_8460,,,,
HMR_8462,,,,
HMR_8463,,,,
HMR_8464,,,,
HMR_8465,,,,
HMR_8466,,,,
HMR_8467,,,,
HMR_8468,,,,
HMR_8470,,,,
HMR_8471,,,,
HMR_8472,,,,
HMR_8474,,,,
HMR_8475,,,,
HMR_8476,,,,
HMR_8477,,,,
HMR_8478,,,,
HMR_8479,,,,
HMR_8481,,,,
HMR_8483,,,,
HMR_8486,,,,
HMR_8487,,,,
HMR_8501,,,,
HMR_8502,,,,
HMR_8503,,,,
HMR_8504,,,,
HMR_8508,,,,
HMR_8510,,,,
HMR_8511,,,,
HMR_8512,,,,
HMR_8513,,,,
HMR_8514,,,,
HMR_8516,,,,
HMR_8518,,,,
HMR_8520,,,,
HMR_8521,,,,
HMR_8522,,,,
HMR_8523,,,,
HMR_8524,,,,
HMR_8525,,,,
HMR_8526,,,,
HMR_8530,,,,
HMR_8532,,,,
HMR_8534,,,,
HMR_8539,,,,
HMR_8547,,,,
HMR_8548,,,,
HMR_8549,,,,
HMR_8550,,,,
HMR_8552,,,,
HMR_8553,,,,
HMR_8561,,,,
HMR_8562,,,,
HMR_8563,,,,
HMR_8566,,,,
HMR_8594,,,,
HMR_8606,,,,
HMR_8609,,,,
HMR_8610,,,,
HMR_8611,,,,
HMR_8626,,,,
HMR_8627,,,,
HMR_8628,,,,
HMR_8634,,,,
HMR_8653,,,,
HMR_8657,,,,
HMR_8679,,,,
HMR_8698,,,,
HMR_8702,,,,
HMR_8709,,,,
HMR_8710,,,,
HMR_8711,,,,
HMR_8722,,,,
HMR_8724,,,,
HMR_8725,,,,
HMR_8727,,,,
HMR_8728,,,,
HMR_8731,,,,
HMR_8738,,,,
HMR_8739,,,,
HMR_8740,,,,
HMR_8741,,,,
HMR_8758,,,,
HMR_8766,,,,
HMR_8767,,,,
HMR_8769,,,,
HMR_8770,,,,
HMR_8776,,,,
HMR_8777,,,,
HMR_8778,,,,
HMR_8779,,,,
HMR_8782,,,,
HMR_8783,,,,
HMR_8784,,,,
HMR_8787,,,,
HMR_8794,,,,
HMR_8796,,,,
HMR_8798,,,,
HMR_8799,,,,
HMR_8805,,,,
HMR_8806,,,,
HMR_8808,,,,
HMR_8811,,,,
HMR_8813,,,,
HMR_8815,,,,
HMR_8818,,,,
HMR_8822,,,,
HMR_8835,,,,
HMR_8836,,,,
HMR_8837,,,,
HMR_8838,,,,
HMR_8839,,,,
HMR_8843,,,,
HMR_8844,,,,
HMR_8845,,,,
HMR_8858,,,,
HMR_8861,,,,
HMR_8863,,,,
HMR_8864,,,,
HMR_8866,,,,
HMR_8867,,,,
HMR_8870,,,,
HMR_8871,,,,
HMR_8886,,,,
HMR_8888,,,,
HMR_8890,,,,
HMR_8891,,,,
HMR_8893,,,,
HMR_8909,,,,
HMR_8914,,,,
HMR_8915,,,,
HMR_8918,,,,
HMR_8926,,,,
HMR_9019,,,,
HMR_9042,,,,
HMR_9047,,,,
HMR_9054,,,,
HMR_9061,,,,
HMR_9063,,,,
HMR_9067,,,,
HMR_9071,,,,
HMR_9073,,,,
HMR_9074,,,,
HMR_9076,,,,
HMR_9078,,,,
HMR_9079,,,,
HMR_9086,,,,
HMR_9090,,,,
HMR_9091,,,,
HMR_9096,,,,
HMR_9104,,,,
HMR_9114,,,,
HMR_9134,,,,
HMR_9135,,,,
HMR_9138,,,,
HMR_9146,,,,
HMR_9172,,,,
HMR_9203,,,,
HMR_9221,,,,
HMR_9225,,,,
HMR_9234,,,,
HMR_9253,,,,
HMR_9258,,,,
HMR_9260,,,,
HMR_9290,,,,
HMR_9294,,,,
HMR_9304,,,,
HMR_9305,,,,
HMR_9314,,,,
HMR_9318,,,,
HMR_9319,,,,
HMR_9325,,,,
HMR_9342,,,,
HMR_9350,,,,
HMR_9354,,,,
HMR_9358,,,,
HMR_9361,,,,
HMR_9378,,,,
HMR_9406,,,,
HMR_9443,,,,
HMR_9444,,,,
HMR_9446,,,,
HMR_9449,,,,
HMR_9516,,,,
HMR_9517,,,,
HMR_9577,,,,
HMR_9578,,,,
HMR_9618,,,,
HMR_9628,,,,
HMR_9638,,,,
HMR_9640,,,,
HMR_9649,,,,
HMR_9650,,,,
HMR_9651,,,,
HMR_9652,,,,
HMR_9657,,,,
HMR_9666,,,,
HMR_9673,,,,
HMR_9675,,,,
HMR_9676,,,,
HMR_9677,,,,
HMR_9678,,,,
HMR_9679,,,,
HMR_9683,,,,
HMR_9686,,,,
HMR_9687,,,,
HMR_9688,,,,
HMR_9692,,,,
HMR_9694,,,,
HMR_9707,,,,
HMR_9719,,,,
HMR_9720,,,,
HMR_9721,,,,
HMR_9724,,,,
HMR_9738,,,,
HMR_9739,,,,
HMR_9740,,,,
HMR_9741,,,,
HMR_9742,,,,
HMR_9743,,,,
HMR_9744,,,,
HMR_9745,,,,
HMR_9746,,,,
HMR_9747,,,,
HMR_9748,,,,
HMR_9749,,,,
HMR_9750,,,,
HMR_9751,,,,
HMR_9752,,,,
HMR_9753,,,,
HMR_9754,,,,
HMR_9755,,,,
HMR_9756,,,,
HMR_9757,,,,
HMR_9758,,,,
HMR_9759,,,,
HMR_9760,,,,
HMR_9761,,,,
HMR_9762,,,,
HMR_9763,,,,
HMR_9764,,,,
HMR_9765,,,,
HMR_9766,,,,
HMR_9767,,,,
HMR_9768,,,,
HMR_9769,,,,
HMR_9770,,,,
HMR_9771,,,,
HMR_9772,,,,
HMR_9773,,,,
HMR_9774,,,,
HMR_9775,,,,
HMR_9776,,,,
HMR_9777,,,,
HMR_9778,,,,
HMR_9779,,,,
HMR_9780,,,,
HMR_9781,,,,
HMR_9782,,,,
HMR_9783,,,,
HMR_9784,,,,
HMR_9785,,,,
HMR_9786,,,,
HMR_9787,,,,
HMR_9788,,,,
HMR_9789,,,,
HMR_9790,,,,
HMR_9791,,,,
HMR_9792,,,,
HMR_9793,,,,
HMR_9794,,,,
HMR_9795,,,,
HMR_9796,,,,
HMR_9803,,,,
HMR_9804,,,,
HMR_9810,,,,
HMR_9811,,,,
HMR_9812,,,,
HMR_9813,,,,
HMR_9814,,,,
HMR_9815,,,,
HMR_9816,,,,
HPDCACRNt,,,,
HPDECECOAm,,,,
HPDECEm,,,,
HPDECEte,,,,
HPDECEtm,,,,
HPYRR2x,,,,
HSD17B42x,,,,
HSD17B4x,,,,
HXAt2,,,,
HXCOAc,,,,
HXCOAtx,,,,
HXCOAx,,,,
HYOCHOLabc,,,,
HYOCHOLt,,,,
Htx,,,,
ICDCHOLabc,,,,
ICDCHOLt,,,,
ILEt5m,,,,
IM4ACte,,,,
IND3ACt,,,,
IPDDIx,,,,
ISOBUTte,,,,
ISOBUTtm,,,,
ISOCHOLabc,,,,
ISOCHOLt,,,,
IVCOAACBP,,,,
IVCRNtr,,,,
LACLt,,,,
LCA3Sabc,,,,
LCA3St,,,,
LCAT1e,,,,
LCTStg,,,,
LEUKABCtc,,,,
LEUt5m,,,,
LNLCCRNt,,,,
LNLNCACPT1,,,,
LNLNCACPT2,,,,
LNLNCACRNt,,,,
LNS14DM,,,,
LPCHOLt,,,,
LTHSTRLtr,,,,
MLTHFte2,,,,
MLTHFte3,,,,
MMAt2e,,,,
MMAte,,,,
NAGA2ly,,,,
NAHCO3_HCLt,,,,
NCNt,,,,
OAAt,,,,
OCCOAtx,,,,
OCD11COACPT1,,,,
OCD11CRNCACT,,,,
OCD11CRNCPT2,,,,
OCDEAFABP1tc,,,,
OCTDEC2ACBP,,,,
ODECOAtx,,,,
OMHDEACIDTD,,,,
OMHDOCOSACTD,,,,
P45027A15m,,,,
PACALDtm,,,,
PACCOALm,,,,
PCFLOPm,,,,
PCHOLHSTDe,,,,
PCREATte,,,,
PCRNtc,,,,
PCRNtm,,,,
PE12_HSABCt,,,,
PE12_HSt1e,,,,
PE14_HSABCt,,,,
PE14_HSt1e,,,,
PE15_HSABCt,,,,
PE15_HSt1e,,,,
PE161_HSABCt,,,,
PE161_HSt1e,,,,
PE17_HSABCt,,,,
PE17_HSt1e,,,,
PE203_HSABCt,,,,
PE203_HSt1e,,,,
PE226_HSABCt,,,,
PE226_HSt1e,,,,
PE2LINL_HSABCt,,,,
PE2LINL_HSt1e,,,,
PEAR_HSABCt,,,,
PEAR_HSt1e,,,,
PEDH203_HSABCt,,,,
PEDH203_HSt1e,,,,
PEHSFABPe,,,,
PELINL_HSABCt,,,,
PELINL_HSt1e,,,,
PELPALM_HSABCt,,,,
PELPALM_HSt1e,,,,
PEOLE_HSABCt,,,,
PEOLE_HSt1e,,,,
PESTE_HSABCt,,,,
PESTE_HSt1e,,,,
PETOHMm_hs,,,,
PETOHMr_hs,,,,
PGLc,,,,
PGPPT,,,,
PGPP_hs,,,,
PHEACGLYsec,,,,
PHEACGLYtm,,,,
PHETA1m,,,,
PHPYRtm,,,,
PIter,,,,
PMTCOAFABP1tc,,,,
PMTCOAtx,,,,
PPIOGLYc,,,,
PPIOGLYte,,,,
PPIOGLYtm,,,,
PPItm,,,,
PPPGOm,,,,
PRISTANALtx,,,,
PRISTCOAtcx,,,,
PROGLYPRO1c,,,,
PROGLyt,,,,
PROSTGI2c,,,,
PROTEIN_BS,,,,
PROt2rL,,,,
PSDm_hs,,,,
PSFLIPm,,,,
PSHSABCtc,,,,
PSt3,,,,
PTDCACRNt,,,,
PTE3x,,,,
PTE4x,,,,
PVSATPtu,,,,
PVStep,,,,
Pe13_HSABCt,,,,
Pe13_HSt1e,,,,
RDH2a,,,,
RE1342C,,,,
RE1447M,,,,
RE1516X,,,,
RE1517X,,,,
RE1518X,,,,
RE1519X,,,,
RE1804C,,,,
RE1804M,,,,
RE1807M,,,,
RE1810M,,,,
RE1826C,,,,
RE1836C,,,,
RE1957R,,,,
RE2426C,,,,
RE2625M,,,,
RE2768R,,,,
RE2814M,,,,
RE2913X,,,,
RE2914X,,,,
RE2977C,,,,
RE2998M,,,,
RE2999M,,,,
RE3000M,,,,
RE3001M,,,,
RE3003M,,,,
RE3004M,,,,
RE3006M,,,,
RE3039C,,,,
RE3045C,,,,
RE3074X,,,,
RE3106R,,,,
RE3110R,,,,
RE3112R,,,,
RE3113R,,,,
RE3119R,,,,
RE3120R,,,,
RE3121R,,,,
RE3122R,,,,
RE3147C,,,,
RE3147R,,,,
RE3158X,,,,
RE3161R,,,,
RE3162R,,,,
RE3163R,,,,
RE3164R,,,,
RE3165R,,,,
RE3166R,,,,
RE3167R,,,,
RE3168R,,,,
RE3169R,,,,
RE3170R,,,,
RE3171R,,,,
RE3172R,,,,
RE3173R,,,,
RE3174R,,,,
RE3175R,,,,
RE3176R,,,,
RE3224R,,,,
RE3225R,,,,
RE3226R,,,,
RE3227R,,,,
RE3228R,,,,
RE3229R,,,,
RE3230R,,,,
RE3231R,,,,
RE3232R,,,,
RE3234R,,,,
RE3235R,,,,
RE3236R,,,,
RE3241R,,,,
RE3242R,,,,
RE3243R,,,,
RE3244R,,,,
RE3251M,,,,
RE3252C,,,,
RE3268R,,,,
RE3273C,,,,
RE3335M,,,,
RE3335X,,,,
RE3346C,,,,
RE3434C,,,,
RE3434R,,,,
RE3446M,,,,
RE3446R,,,,
RE3446X,,,,
RE3470C,,,,
RE3470M,,,,
RE3476M,,,,
RE3514C,,,,
RE3526M,,,,
RE3626M,,,,
RPEc,,,,
SBCOAACOTx,,,,
SCP21cx,,,,
SEBACACT,,,,
SEBACIDtx,,,,
SEBCOACROT,,,,
SEBCOAPET,,,,
SMVACIDhep,,,,
SMVGLUChep,,,,
SPHS1Pt2e,,,,
STCOAtx,,,,
STRDNCCOAtxc,,,,
SUBEACtx,,,,
SUBERCACT,,,,
SUBERCROT,,,,
SUBERICACT,,,,
SUBGLYc,,,,
SUBGLYte,,,,
SUCCACT,,,,
SUCCCROT,,,,
SUCCOAPET,,,,
Ser_Thrtg,,,,
TCA3Sabc,,,,
TCA3St,,,,
TCDCA3Sabc,,,,
TCDCA3St,,,,
TCHOLABCtc,,,,
TCHOLAte,,,,
TDCA3Sabc,,,,
TDCA3St,,,,
TETPENT3COAtm,,,,
TETPENT3CPT2,,,,
TETPENT3CRNt,,,,
TETTET6COAtm,,,,
TETTET6CPT2,,,,
TETTET6CRNt,,,,
THCHOLSTOICt,,,,
THEXDDm,,,,
THEXDDte,,,,
THEXDDtm,,,,
THYOCHOLabc,,,,
THYOCHOLt,,,,
TIGGLYc,,,,
TIGGLYte,,,,
TIGGLYtm,,,,
TMNDNCCOAtx,,,,
TMNDNCCRNt,,,,
TTDCEAc,,,,
TUDCA3Sabc,,,,
TUDCA3St,,,,
UCHOLabc,,,,
UCHOLt,,,,
UDCA3Sabc,,,,
UDCA3St,,,,
VALt5m,,,,
VANILLACc,,,,
VANILLACte,,,,
VANILPYRc,,,,
VBOF,,,,
VITD3tm3,,,,
VITEtl,,,,
XOL27OHtm,,,,
XOL27OHtmc,,,,
XOL7AH3t,,,,
XOLEST2te,,,,
pac,,,,
r0309,,,,
r0310,,,,
r0437,,,,
r0440,,,,
r0443,,,,
r0511,,,,
r0571,,,,
r0633,,,,
r0652,,,,
r0672,,,,
r0701,,,,
r0707,,,,
r0735,,,,
r0791,,,,
r0915,,,,
r0983,,,,
r0986,,,,
r0989,,,,
r0993,,,,
r0999,,,,
r1003,,,,
r1008,,,,
r1078,,,,
r1135,,,,
r1146,,,,
r1147,,,,
r1165,,,,
r1186,,,,
r1251,,,,
r1313,,,,
r1314,,,,
r1315,,,,
r1316,,,,
r1317,,,,
r1318,,,,
r1367,,,,
r1381,,,,
r1400,,,,
r1446,,,,
r1447,,,,
r1448,,,,
r1449,,,,
r1450,,,,
r1451,,,,
r1467,,,,
r1493,,,,
r1527,,,,
r2158,,,,
r2378,,,,
r2507,,,,
r2512,,,,
r2538,,,,
